obs_time_utc,obs_date_utc,obs_date_local,metar_type,retrieved_at,temp_c,temp_f,dewpoint_c,dewpoint_f,relative_humidity,wind_dir_deg,wind_dir_compass,wind_speed_kt,wind_speed_mph,wind_gust_kt,wind_gust_mph,visibility_sm,visibility_sm_numeric,sky_cover_pct,ceiling_ft,cloud_layers,altimeter_inhg,sea_level_pressure_mb,precip_1hr_in,precip_3hr_in,precip_6hr_in,precip_24hr_in,wx_string,flight_category,raw_metar
2026-04-23T01:56:00Z,2026-04-23,2026-04-22,METAR,2026-04-23T02:59:13Z,22.8,73.0,-7.2,19.0,0,260,W,13,15.0,,,10+,10.0,19,,FEW12000,1010.9,1009.3,,,,,,VFR,METAR KLAS 230156Z 26013KT 10SM FEW120 23/M07 A2985 RMK AO2 SLP093 T02281072
2026-04-23T00:56:00Z,2026-04-23,2026-04-22,METAR,2026-04-23T02:59:13Z,23.9,75.0,-6.7,19.9,0,260,W,11,12.7,,,10+,10.0,19,,FEW12000 FEW20000,1011.3,1009.7,,,,,,VFR,METAR KLAS 230056Z 26011KT 10SM FEW120 FEW200 24/M07 A2986 RMK AO2 SLP097 T02391067
2026-04-23T02:56:00Z,2026-04-23,2026-04-22,METAR,2026-04-23T03:13:00Z,21.7,71.1,-7.2,19.0,1,250,WSW,12,13.8,,,10+,10.0,19,,FEW12000,1010.9,1009.4,,,,,,VFR,METAR KLAS 230256Z 25012KT 10SM FEW120 22/M07 A2985 RMK AO2 SLP094 T02171072 55008
2026-04-22T23:56:00Z,2026-04-22,2026-04-22,METAR,2026-04-23T03:13:00Z,23.9,75.0,-7.2,19.0,1,220,SW,12,13.8,20,23.0,10+,10.0,19,,FEW12000 FEW20000,1011.9,1010.2,,,,,,VFR,METAR KLAS 222356Z 22012G20KT 10SM FEW120 FEW200 24/M07 A2988 RMK AO2 SLP102 T02391072 10250 20189 56019
2026-04-22T22:56:00Z,2026-04-22,2026-04-22,METAR,2026-04-23T03:13:00Z,24.4,75.9,-7.2,19.0,1,280,W,11,12.7,21,24.2,10+,10.0,44,,FEW12000 FEW20000 SCT25000,1012.3,1010.6,,,,,,VFR,METAR KLAS 222256Z 28011G21KT 10SM FEW120 FEW200 SCT250 24/M07 A2989 RMK AO2 SLP106 T02441072
2026-04-22T21:56:00Z,2026-04-22,2026-04-22,METAR,2026-04-23T03:13:00Z,23.9,75.0,-7.2,19.0,1,0,CALM,0,0.0,,,10+,10.0,44,,FEW12000 FEW20000 SCT25000,1013,1011.4,,,,,,VFR,METAR KLAS 222156Z 00000KT 10SM FEW120 FEW200 SCT250 24/M07 A2991 RMK AO2 SLP114 T02391072
2026-04-22T20:56:00Z,2026-04-22,2026-04-22,METAR,2026-04-23T03:13:00Z,23.9,75.0,-7.8,18.0,1,VRB,VRB,5,5.8,,,10+,10.0,44,,FEW12000 FEW20000 SCT25000,1014,1012.3,,,,,,VFR,METAR KLAS 222056Z VRB05KT 10SM FEW120 FEW200 SCT250 24/M08 A2994 RMK AO2 SLP123 T02391078 58025
2026-04-23T09:56:00Z,2026-04-23,2026-04-23,METAR,2026-04-23T10:58:11Z,17.8,64.0,-5.6,21.9,1,350,N,11,12.7,,,10+,10.0,,,,1014,1012,,,,,,VFR,METAR KLAS 230956Z 35011KT 10SM CLR 18/M06 A2994 RMK AO2 PK WND 35027/0910 SLP120 T01781056
2026-04-23T08:56:00Z,2026-04-23,2026-04-23,METAR,2026-04-23T10:58:11Z,17.8,64.0,-6.1,21.0,1,330,NNW,12,13.8,22,25.3,10+,10.0,,,,1013.6,1011.7,,,,,,VFR,METAR KLAS 230856Z 33012G22KT 10SM CLR 18/M06 A2993 RMK AO2 PK WND 31027/0803 SLP117 T01781061 52013
2026-04-23T07:56:00Z,2026-04-23,2026-04-23,METAR,2026-04-23T10:58:11Z,18.9,66.0,-7.2,19.0,1,310,NW,12,13.8,20,23.0,10+,10.0,,,,1013.3,1011.5,,,,,,VFR,METAR KLAS 230756Z 31012G20KT 10SM CLR 19/M07 A2992 RMK AO2 SLP115 T01891072 402500133
2026-04-23T06:56:00Z,2026-04-23,2026-04-22,METAR,2026-04-23T10:58:11Z,18.3,64.9,-5.6,21.9,1,230,SW,6,6.9,,,10+,10.0,,,,1012.6,1010.9,,,,,,VFR,METAR KLAS 230656Z 23006KT 10SM CLR 18/M06 A2990 RMK AO2 SLP109 T01831056
2026-04-23T05:56:00Z,2026-04-23,2026-04-22,METAR,2026-04-23T10:58:11Z,19.4,66.9,-6.7,19.9,1,230,SW,7,8.1,,,10+,10.0,,,,1012.3,1010.6,,,,,,VFR,METAR KLAS 230556Z 23007KT 10SM CLR 19/M07 A2989 RMK AO2 SLP106 T01941067 10244 20194 50012
2026-04-23T04:56:00Z,2026-04-23,2026-04-22,METAR,2026-04-23T10:58:11Z,20.6,69.1,-7.2,19.0,1,240,WSW,7,8.1,,,10+,10.0,,,,1012.3,1010.8,,,,,,VFR,METAR KLAS 230456Z 24007KT 10SM CLR 21/M07 A2989 RMK AO2 SLP108 T02061072
2026-04-23T16:56:00Z,2026-04-23,2026-04-23,METAR,2026-04-23T17:54:27Z,20,68.0,-7.2,19.0,1,50,NE,9,10.4,,,10+,10.0,19,,FEW25000,1016.7,1015,,,,,,VFR,METAR KLAS 231656Z 05009KT 10SM FEW250 20/M07 A3002 RMK AO2 SLP150 T02001072
2026-04-23T15:56:00Z,2026-04-23,2026-04-23,METAR,2026-04-23T17:54:27Z,18.9,66.0,-6.7,19.9,1,20,NNE,18,20.7,24,27.6,10+,10.0,19,,FEW25000,1016.7,1015,,,,,,VFR,METAR KLAS 231556Z 02018G24KT 10SM FEW250 19/M07 A3002 RMK AO2 SLP150 T01891067
2026-04-23T14:56:00Z,2026-04-23,2026-04-23,METAR,2026-04-23T17:54:27Z,18.3,64.9,-5,23.0,1,20,NNE,9,10.4,,,10+,10.0,19,,FEW25000,1016.3,1014.8,,,,,,VFR,METAR KLAS 231456Z 02009KT 10SM FEW250 18/M05 A3001 RMK AO2 SLP148 T01831050 53017
2026-04-23T13:56:00Z,2026-04-23,2026-04-23,METAR,2026-04-23T17:54:27Z,16.1,61.0,-5,23.0,1,300,WNW,5,5.8,,,10+,10.0,19,,FEW25000,1015.7,1014.3,,,,,,VFR,METAR KLAS 231356Z 30005KT 10SM FEW250 16/M05 A2999 RMK AO2 SLP143 T01611050
2026-04-23T12:56:00Z,2026-04-23,2026-04-23,METAR,2026-04-23T17:54:27Z,16.7,62.1,-6.1,21.0,1,50,NE,9,10.4,,,10+,10.0,19,,FEW25000,1015,1013.3,,,,,,VFR,METAR KLAS 231256Z 05009KT 10SM FEW250 17/M06 A2997 RMK AO2 SLP133 T01671061
2026-04-23T11:56:00Z,2026-04-23,2026-04-23,METAR,2026-04-23T17:54:27Z,16.1,61.0,-5.6,21.9,1,30,NNE,7,8.1,,,10+,10.0,,,,1014.6,1012.9,,,,,,VFR,METAR KLAS 231156Z 03007KT 10SM CLR 16/M06 A2996 RMK AO2 SLP129 T01611056 10194 20161 51009
2026-04-23T10:56:00Z,2026-04-23,2026-04-23,METAR,2026-04-23T17:54:27Z,17.2,63.0,-5.6,21.9,1,50,NE,6,6.9,,,10+,10.0,,,,1014.3,1012.6,,,,,,VFR,METAR KLAS 231056Z 05006KT 10SM CLR 17/M06 A2995 RMK AO2 SLP126 T01721056
2026-04-23T18:56:00Z,2026-04-23,2026-04-23,METAR,2026-04-23T19:12:00Z,22.2,72.0,-7.8,18.0,1,50,NE,9,10.4,,,10+,10.0,19,,FEW25000,1015.7,1013.9,,,,,,VFR,METAR KLAS 231856Z 05009KT 10SM FEW250 22/M08 A2999 RMK AO2 SLP139 T02221078
2026-04-23T17:56:00Z,2026-04-23,2026-04-23,METAR,2026-04-23T19:12:00Z,21.1,70.0,-8.3,17.1,1,350,N,12,13.8,22,25.3,10+,10.0,19,,FEW25000,1016,1014.4,,,,,,VFR,METAR KLAS 231756Z 35012G22KT 10SM FEW250 21/M08 A3000 RMK AO2 SLP144 T02111083 10211 20156 58003
2026-04-23T20:56:00Z,2026-04-23,2026-04-23,METAR,2026-04-23T21:13:00Z,22.8,73.0,-8.9,16.0,1,VRB,VRB,4,4.6,,,10+,10.0,19,,FEW25000,1014,1012.3,,,,,,VFR,METAR KLAS 232056Z VRB04KT 10SM FEW250 23/M09 A2994 RMK AO2 SLP123 T02281089 58020
2026-04-23T19:56:00Z,2026-04-23,2026-04-23,METAR,2026-04-23T21:13:00Z,21.7,71.1,-9.4,15.1,1,240,WSW,3,3.5,,,10+,10.0,19,,FEW25000,1015,1013.1,,,,,,VFR,METAR KLAS 231956Z 24003KT 10SM FEW250 22/M09 A2997 RMK AO2 SLP131 T02171094
2026-04-24T06:56:00Z,2026-04-24,2026-04-23,METAR,2026-04-24T07:18:41Z,18.9,66.0,-10,14.0,1,210,SSW,6,6.9,,,10+,10.0,75,25000,BKN25000,1011.9,1010.2,,,,,,VFR,METAR KLAS 240656Z 21006KT 10SM BKN250 19/M10 A2988 RMK AO2 SLP102 T01891100
2026-04-24T05:56:00Z,2026-04-24,2026-04-23,METAR,2026-04-24T07:18:41Z,20,68.0,-9.4,15.1,1,190,S,3,3.5,,,10+,10.0,75,25000,BKN25000,1011.9,1010.2,,,,,,VFR,METAR KLAS 240556Z 19003KT 10SM BKN250 20/M09 A2988 RMK AO2 SLP102 T02001094 10244 20200 51008
2026-04-24T04:56:00Z,2026-04-24,2026-04-23,METAR,2026-04-24T07:18:41Z,21.7,71.1,-8.9,16.0,1,250,WSW,6,6.9,,,10+,10.0,75,25000,BKN25000,1011.9,1010.1,,,,,,VFR,METAR KLAS 240456Z 25006KT 10SM BKN250 22/M09 A2988 RMK AO2 SLP101 T02171089
2026-04-24T03:56:00Z,2026-04-24,2026-04-23,METAR,2026-04-24T07:18:41Z,22.2,72.0,-8.9,16.0,1,250,WSW,7,8.1,,,10+,10.0,75,25000,BKN25000,1011.6,1009.8,,,,,,VFR,METAR KLAS 240356Z 25007KT 10SM BKN250 22/M09 A2987 RMK AO2 SLP098 T02221089
2026-04-24T02:56:00Z,2026-04-24,2026-04-23,METAR,2026-04-24T07:18:41Z,23.3,73.9,-7.8,18.0,1,170,S,4,4.6,,,10+,10.0,75,25000,BKN25000,1011.3,1009.3,,,,,,VFR,METAR KLAS 240256Z 17004KT 10SM BKN250 23/M08 A2986 RMK AO2 SLP093 T02331078 55005
2026-04-24T01:56:00Z,2026-04-24,2026-04-23,METAR,2026-04-24T07:18:41Z,23.9,75.0,-7.2,19.0,1,0,CALM,0,0.0,,,10+,10.0,44,,SCT25000,1010.9,1009.2,,,,,,VFR,METAR KLAS 240156Z 00000KT 10SM SCT250 24/M07 A2985 RMK AO2 SLP092 T02391072
2026-04-24T00:56:00Z,2026-04-24,2026-04-23,METAR,2026-04-24T07:18:41Z,23.9,75.0,-7.2,19.0,1,0,CALM,0,0.0,,,10+,10.0,44,,SCT25000,1011.3,1009.4,,,,,,VFR,METAR KLAS 240056Z 00000KT 10SM SCT250 24/M07 A2986 RMK AO2 SLP094 T02391072
2026-04-24T09:56:00Z,2026-04-24,2026-04-24,METAR,2026-04-24T10:54:52Z,16.7,62.1,-10,14.0,1,200,SSW,3,3.5,,,10+,10.0,75,25000,BKN25000,1010.9,1009.2,,,,,,VFR,METAR KLAS 240956Z 20003KT 10SM BKN250 17/M10 A2985 RMK AO2 SLP092 T01671100 $
2026-04-24T08:56:00Z,2026-04-24,2026-04-24,METAR,2026-04-24T10:54:52Z,17.2,63.0,-10.6,12.9,1,200,SSW,7,8.1,,,10+,10.0,75,25000,BKN25000,1011.3,1009.7,,,,,,VFR,METAR KLAS 240856Z 20007KT 10SM BKN250 17/M11 A2986 RMK AO2 SLP097 T01721106 58006
2026-04-24T07:56:00Z,2026-04-24,2026-04-24,METAR,2026-04-24T10:54:52Z,18.3,64.9,-10.6,12.9,1,210,SSW,5,5.8,,,10+,10.0,75,25000,BKN25000,1011.9,1010.2,,,,,,VFR,METAR KLAS 240756Z 21005KT 10SM BKN250 18/M11 A2988 RMK AO2 SLP102 T01831106 402500156
2026-04-24T14:56:00Z,2026-04-24,2026-04-24,METAR,2026-04-24T15:39:35Z,18.3,64.9,-10,14.0,1,180,S,3,3.5,,,10+,10.0,44,,FEW600 SCT25000,1011.6,1009.6,,,,,,VFR,METAR KLAS 241456Z 18003KT 10SM FEW006 SCT250 18/M10 A2987 RMK AO2 SLP096 FU FEW006 T01831100 53006 $
2026-04-24T14:36:00Z,2026-04-24,2026-04-24,SPECI,2026-04-24T15:39:35Z,17.2,63.0,-10,14.0,1,200,SSW,3,3.5,,,10+,10.0,44,,FEW600 SCT25000,1011.6,,,,,,,VFR,SPECI KLAS 241436Z 20003KT 10SM FEW006 SCT250 17/M10 A2987 RMK AO2 FU FEW006 T01721100 $
2026-04-24T13:56:00Z,2026-04-24,2026-04-24,METAR,2026-04-24T15:39:35Z,15.6,60.1,-9.4,15.1,1,200,SSW,5,5.8,,,10+,10.0,44,,SCT25000,1011.3,1009.7,,,,,,VFR,METAR KLAS 241356Z 20005KT 10SM SCT250 16/M09 A2986 RMK AO2 SLP097 T01561094 $
2026-04-24T12:56:00Z,2026-04-24,2026-04-24,METAR,2026-04-24T15:39:35Z,15,59.0,-10,14.0,1,0,CALM,0,0.0,,,10+,10.0,19,,FEW25000,1010.9,1009.2,,,,,,VFR,METAR KLAS 241256Z 00000KT 10SM FEW250 15/M10 A2985 RMK AO2 SLP092 T01501100 $
2026-04-24T11:56:00Z,2026-04-24,2026-04-24,METAR,2026-04-24T15:39:35Z,15.6,60.1,-10,14.0,1,0,CALM,0,0.0,,,10+,10.0,75,25000,BKN25000,1010.9,1009.2,,,,,,VFR,METAR KLAS 241156Z 00000KT 10SM BKN250 16/M10 A2985 RMK AO2 SLP092 T01561100 10200 20150 56005 $
2026-04-24T10:56:00Z,2026-04-24,2026-04-24,METAR,2026-04-24T15:39:35Z,15.6,60.1,-10,14.0,1,0,CALM,0,0.0,,,10+,10.0,75,25000,BKN25000,1010.9,1009.2,,,,,,VFR,METAR KLAS 241056Z 00000KT 10SM BKN250 16/M10 A2985 RMK AO2 SLP092 T01561100 $
2026-04-24T15:56:00Z,2026-04-24,2026-04-24,METAR,2026-04-24T16:12:58Z,20,68.0,-9.4,15.1,1,0,CALM,0,0.0,,,10+,10.0,44,,FEW20000 SCT25000,1010.9,1009.1,,,,,,VFR,METAR KLAS 241556Z 00000KT 10SM FEW200 SCT250 20/M09 A2985 RMK AO2 SLP091 T02001094
2026-04-24T20:56:00Z,2026-04-24,2026-04-24,METAR,2026-04-24T21:33:34Z,27.2,81.0,-10.6,12.9,1,210,SSW,15,17.3,28,32.2,10+,10.0,44,,SCT14000 SCT20000,1007.9,1005.8,,,,,,VFR,METAR KLAS 242056Z 21015G28KT 10SM SCT140 SCT200 27/M11 A2976 RMK AO2 PK WND 21028/2052 SLP058 T02721106 56026
2026-04-24T19:56:00Z,2026-04-24,2026-04-24,METAR,2026-04-24T21:33:34Z,26.7,80.1,-12.2,10.0,1,180,S,8,9.2,24,27.6,10+,10.0,44,,FEW14000 SCT20000 SCT25000,1008.5,1006.5,,,,,,VFR,METAR KLAS 241956Z 18008G24KT 120V210 10SM FEW140 SCT200 SCT250 27/M12 A2978 RMK AO2 SLP065 T02671122
2026-04-24T19:20:00Z,2026-04-24,2026-04-24,SPECI,2026-04-24T21:33:34Z,26.1,79.0,-12.2,10.0,1,200,SSW,10,11.5,16,18.4,10+,10.0,75,25000,SCT20000 BKN25000,1008.9,,,,,,,VFR,SPECI KLAS 241920Z 20010G16KT 10SM SCT200 BKN250 26/M12 A2979 RMK AO2 T02611122
2026-04-24T18:56:00Z,2026-04-24,2026-04-24,METAR,2026-04-24T21:33:34Z,25.6,78.1,-11.7,10.9,1,140,SE,7,8.1,18,20.7,10+,10.0,75,25000,SCT20000 BKN25000,1009.6,1007.6,,,,,,VFR,METAR KLAS 241856Z 14007G18KT 100V170 10SM SCT200 BKN250 26/M12 A2981 RMK AO2 SLP076 T02561117
2026-04-24T17:56:00Z,2026-04-24,2026-04-24,METAR,2026-04-24T21:33:34Z,23.9,75.0,-11.1,12.0,1,VRB,VRB,4,4.6,,,10+,10.0,75,25000,SCT20000 BKN25000,1010.6,1008.7,,,,,,VFR,METAR KLAS 241756Z VRB04KT 10SM SCT200 BKN250 24/M11 A2984 RMK AO2 SLP087 T02391111 10239 20150 56008
2026-04-24T16:56:00Z,2026-04-24,2026-04-24,METAR,2026-04-24T21:33:34Z,21.7,71.1,-9.4,15.1,1,0,CALM,0,0.0,,,10+,10.0,75,25000,SCT20000 BKN25000,1010.9,1009.1,,,,,,VFR,METAR KLAS 241656Z 00000KT 10SM SCT200 BKN250 22/M09 A2985 RMK AO2 SLP091 T02171094
2026-04-25T05:56:00Z,2026-04-25,2026-04-24,METAR,2026-04-25T06:10:58Z,22.8,73.0,-5,23.0,1,240,WSW,12,13.8,,,10+,10.0,,,,1005.8,1003.9,,,,,,VFR,METAR KLAS 250556Z 24012KT 10SM CLR 23/M05 A2970 RMK AO2 SLP039 T02281050 10272 20228 51007
2026-04-25T04:56:00Z,2026-04-25,2026-04-24,METAR,2026-04-25T06:10:58Z,23.9,75.0,-10.6,12.9,1,190,S,7,8.1,,,10+,10.0,44,,FEW14000 FEW17000 SCT20000,1005.8,1003.8,,,,,,VFR,METAR KLAS 250456Z 19007KT 10SM FEW140 FEW170 SCT200 24/M11 A2970 RMK AO2 SLP038 T02391106
2026-04-25T03:56:00Z,2026-04-25,2026-04-24,METAR,2026-04-25T06:10:58Z,24.4,75.9,-12.2,10.0,1,180,S,5,5.8,14,16.1,10+,10.0,44,,SCT17000 SCT20000,1005.8,1003.7,,,,,,VFR,METAR KLAS 250356Z 18005G14KT 10SM SCT170 SCT200 24/M12 A2970 RMK AO2 SLP037 T02441122
2026-04-25T02:56:00Z,2026-04-25,2026-04-24,METAR,2026-04-25T06:10:58Z,25,77.0,-12.2,10.0,1,220,SW,9,10.4,,,10+,10.0,44,,FEW14000 SCT17000 SCT20000,1005.2,1003.2,,,,,,VFR,METAR KLAS 250256Z 22009KT 10SM FEW140 SCT170 SCT200 25/M12 A2968 RMK AO2 SLP032 T02501122 55004
2026-04-25T01:56:00Z,2026-04-25,2026-04-24,METAR,2026-04-25T06:10:58Z,26.1,79.0,-13.3,8.1,1,210,SSW,14,16.1,21,24.2,10+,10.0,44,,FEW14000 SCT17000 SCT20000,1005.2,1003.2,,,,,,VFR,METAR KLAS 250156Z 21014G21KT 10SM FEW140 SCT170 SCT200 26/M13 A2968 RMK AO2 SLP032 T02611133
2026-04-25T00:56:00Z,2026-04-25,2026-04-24,METAR,2026-04-25T06:10:58Z,26.7,80.1,-13.3,8.1,1,220,SW,12,13.8,23,26.5,10+,10.0,75,17000,FEW14000 BKN17000 BKN20000,1005.5,1003.4,,,,,,VFR,METAR KLAS 250056Z 22012G23KT 10SM FEW140 BKN170 BKN200 27/M13 A2969 RMK AO2 PK WND 25027/0006 SLP034 T02671133
2026-04-24T23:56:00Z,2026-04-24,2026-04-24,METAR,2026-04-25T06:10:58Z,27.8,82.0,-12.8,9.0,1,220,SW,16,18.4,26,29.9,10+,10.0,75,17000,SCT14000 BKN17000 BKN22000,1005.5,1003.7,,,,,,VFR,METAR KLAS 242356Z 22016G26KT 10SM SCT140 BKN170 BKN220 28/M13 A2969 RMK AO2 PK WND 22026/2352 SLP037 T02781128 10278 20233 56021
2026-04-25T08:56:00Z,2026-04-25,2026-04-25,METAR,2026-04-25T09:38:05Z,19.4,66.9,-1.7,28.9,1,210,SSW,10,11.5,,,10+,10.0,,,,1005.8,1003.8,,,,,,VFR,METAR KLAS 250856Z 21010KT 10SM CLR 19/M02 A2970 RMK AO2 SLP038 T01941017 58001
2026-04-25T07:56:00Z,2026-04-25,2026-04-25,METAR,2026-04-25T09:38:05Z,20.6,69.1,-2.2,28.0,1,220,SW,12,13.8,16,18.4,10+,10.0,,,,1006.5,1004.3,,,,,,VFR,METAR KLAS 250756Z 22012G16KT 10SM CLR 21/M02 A2972 RMK AO2 SLP043 T02061022 402780150
2026-04-25T06:56:00Z,2026-04-25,2026-04-24,METAR,2026-04-25T09:38:05Z,21.7,71.1,-3.3,26.1,1,220,SW,9,10.4,,,10+,10.0,,,,1006.5,1004.4,,,,,,VFR,METAR KLAS 250656Z 22009KT 10SM CLR 22/M03 A2972 RMK AO2 SLP044 T02171033
2026-04-25T14:56:00Z,2026-04-25,2026-04-25,METAR,2026-04-25T15:04:52Z,18.9,66.0,-0.6,30.9,2,170,S,6,6.9,,,10+,10.0,44,,SCT20000,1006.9,1004.8,,,,,,VFR,METAR KLAS 251456Z 17006KT 10SM SCT200 19/M01 A2973 RMK AO2 SLP048 T01891006 53015
2026-04-25T13:56:00Z,2026-04-25,2026-04-25,METAR,2026-04-25T15:04:52Z,17.8,64.0,-1.1,30.0,5,180,S,5,5.8,,,10+,10.0,75,20000,BKN20000,1006.2,1004.1,,,,,,VFR,METAR KLAS 251356Z 18005KT 10SM BKN200 18/M01 A2971 RMK AO2 SLP041 T01781011
2026-04-25T12:56:00Z,2026-04-25,2026-04-25,METAR,2026-04-25T15:04:52Z,17.2,63.0,-0.6,30.9,11,150,SSE,4,4.6,16,18.4,10+,10.0,75,20000,BKN20000,1005.8,1003.8,,,,,,VFR,METAR KLAS 251256Z 15004G16KT 10SM BKN200 17/M01 A2970 RMK AO2 SLP038 T01721006
2026-04-25T11:56:00Z,2026-04-25,2026-04-25,METAR,2026-04-25T15:04:52Z,17.2,63.0,0,32.0,14,210,SSW,9,10.4,,,10+,10.0,44,,SCT20000,1005.2,1003.1,,,,,,VFR,METAR KLAS 251156Z 21009KT 10SM SCT200 17/00 A2968 RMK AO2 SLP031 T01720000 10228 20172 56006
2026-04-25T10:56:00Z,2026-04-25,2026-04-25,METAR,2026-04-25T15:04:52Z,18.3,64.9,-0.6,30.9,5,190,S,12,13.8,17,19.6,10+,10.0,19,,FEW20000,1005.5,1003.3,,,,,,VFR,METAR KLAS 251056Z 19012G17KT 10SM FEW200 18/M01 A2969 RMK AO2 SLP033 T01831006
2026-04-25T09:56:00Z,2026-04-25,2026-04-25,METAR,2026-04-25T15:04:52Z,18.9,66.0,-0.6,30.9,2,200,SSW,11,12.7,20,23.0,10+,10.0,,,,1005.8,1003.5,,,,,,VFR,METAR KLAS 250956Z 20011G20KT 10SM CLR 19/M01 A2970 RMK AO2 SLP035 T01891006
2026-04-25T19:56:00Z,2026-04-25,2026-04-25,METAR,2026-04-25T20:23:42Z,23.9,75.0,-1.7,28.9,1,200,SSW,15,17.3,25,28.8,10+,10.0,75,20000,BKN20000,1005.5,1003.6,,,,,,VFR,METAR KLAS 251956Z 20015G25KT 10SM BKN200 24/M02 A2969 RMK AO2 PK WND 19027/1900 SLP036 T02391017
2026-04-25T18:56:00Z,2026-04-25,2026-04-25,METAR,2026-04-25T20:23:42Z,23.9,75.0,-1.1,30.0,1,180,S,11,12.7,25,28.8,10+,10.0,75,20000,BKN20000,1006.2,1004.1,,,,,,VFR,METAR KLAS 251856Z 18011G25KT 10SM BKN200 24/M01 A2971 RMK AO2 SLP041 T02391011
2026-04-25T17:56:00Z,2026-04-25,2026-04-25,METAR,2026-04-25T20:23:42Z,23.3,73.9,-1.1,30.0,1,170,S,10,11.5,18,20.7,10+,10.0,75,20000,BKN20000,1006.5,1004.5,,,,,,VFR,METAR KLAS 251756Z 17010G18KT 140V200 10SM BKN200 23/M01 A2972 RMK AO2 SLP045 T02331011 10233 20167 56002
2026-04-25T16:56:00Z,2026-04-25,2026-04-25,METAR,2026-04-25T20:23:42Z,21.1,70.0,-1.7,28.9,1,290,WNW,7,8.1,,,10+,10.0,75,20000,BKN20000,1006.9,1004.7,,,,,,VFR,METAR KLAS 251656Z 29007KT 10SM BKN200 21/M02 A2973 RMK AO2 SLP047 T02111017
2026-04-25T15:56:00Z,2026-04-25,2026-04-25,METAR,2026-04-25T20:23:42Z,20.6,69.1,-0.6,30.9,1,180,S,8,9.2,17,19.6,10+,10.0,75,20000,BKN20000,1006.5,1004.2,,,,,,VFR,METAR KLAS 251556Z 18008G17KT 140V210 10SM BKN200 21/M01 A2972 RMK AO2 SLP042 T02061006
2026-04-26T06:56:00Z,2026-04-26,2026-04-25,METAR,2026-04-26T07:10:33Z,14.4,57.9,3.9,39.0,48,210,SSW,17,19.6,26,29.9,10+,10.0,75,12000,FEW8000 SCT10000 BKN12000,1005.2,1003.5,,,,,,VFR,METAR KLAS 260656Z 21017G26KT 10SM FEW080 SCT100 BKN120 14/04 A2968 RMK AO2 PK WND 21027/0642 SLP035 T01440039
2026-04-26T05:56:00Z,2026-04-26,2026-04-25,METAR,2026-04-26T07:10:33Z,15,59.0,5.6,42.1,53,220,SW,18,20.7,28,32.2,10+,10.0,100,8000,SCT6500 BKN8000 OVC10000,1005.5,1003.9,,,,,,VFR,METAR KLAS 260556Z 22018G28KT 10SM SCT065 BKN080 OVC100 15/06 A2969 RMK AO2 PK WND 23030/0546 SLP039 T01500056 10233 20150 51016
2026-04-26T04:56:00Z,2026-04-26,2026-04-25,METAR,2026-04-26T07:10:33Z,16.7,62.1,3.9,39.0,36,250,WSW,11,12.7,23,26.5,10+,10.0,75,11000,BKN11000,1005.5,1003.6,,,,,,VFR,METAR KLAS 260456Z 25011G23KT 10SM BKN110 17/04 A2969 RMK AO2 PK WND 25026/0439 SLP036 T01670039
2026-04-26T03:56:00Z,2026-04-26,2026-04-25,METAR,2026-04-26T07:10:33Z,18.9,66.0,1.7,35.1,14,240,WSW,14,16.1,21,24.2,10+,10.0,100,11000,OVC11000,1004.5,1002.6,,,,,,VFR,METAR KLAS 260356Z 24014G21KT 10SM OVC110 19/02 A2966 RMK AO2 SLP026 T01890017
2026-04-26T02:56:00Z,2026-04-26,2026-04-25,METAR,2026-04-26T07:10:33Z,19.4,66.9,1.1,34.0,9,270,W,17,19.6,25,28.8,10+,10.0,100,10000,OVC10000,1003.8,1002.2,,,,,,VFR,METAR KLAS 260256Z 27017G25KT 10SM OVC100 19/01 A2964 RMK AO2 PK WND 23027/0158 SLP022 T01940011 58003
2026-04-26T01:56:00Z,2026-04-26,2026-04-25,METAR,2026-04-26T07:10:33Z,21.7,71.1,-2.2,28.0,1,240,WSW,14,16.1,26,29.9,10+,10.0,100,12000,BKN12000 OVC20000,1004.1,1002.2,,,,,,VFR,METAR KLAS 260156Z 24014G26KT 10SM BKN120 OVC200 22/M02 A2965 RMK AO2 PK WND 23027/0146 SLP022 T02171022
2026-04-26T00:56:00Z,2026-04-26,2026-04-25,METAR,2026-04-26T07:10:33Z,22.2,72.0,-2.2,28.0,1,240,WSW,14,16.1,22,25.3,10+,10.0,100,12000,BKN12000 OVC20000,1004.1,1002.5,,,,,,VFR,METAR KLAS 260056Z 24014G22KT 210V270 10SM BKN120 OVC200 22/M02 A2965 RMK AO2 PK WND 22029/0017 SLP025 T02221022
2026-04-26T08:56:00Z,2026-04-26,2026-04-26,METAR,2026-04-26T09:39:41Z,13.3,55.9,2.2,36.0,44,220,SW,20,23.0,30,34.5,10+,10.0,75,20000,FEW9000 SCT15000 BKN20000,1005.2,1003.6,,,,,,VFR,METAR KLAS 260856Z 22020G30KT 10SM FEW090 SCT150 BKN200 13/02 A2968 RMK AO2 PK WND 22030/0855 SLP036 T01330022 56004
2026-04-26T07:56:00Z,2026-04-26,2026-04-26,METAR,2026-04-26T09:39:41Z,13.9,57.0,3.9,39.0,50,210,SSW,12,13.8,20,23.0,10+,10.0,75,20000,FEW9000 SCT15000 BKN20000,1005.5,1003.8,,,,,,VFR,METAR KLAS 260756Z 21012G20KT 10SM FEW090 SCT150 BKN200 14/04 A2969 RMK AO2 SLP038 T01390039 402500139
2026-04-26T14:56:00Z,2026-04-26,2026-04-26,METAR,2026-04-26T15:06:04Z,13.9,57.0,1.7,35.1,39,230,SW,14,16.1,21,24.2,10+,10.0,75,15000,SCT6000 BKN15000,1006.2,1004.8,,,,,,VFR,METAR KLAS 261456Z 23014G21KT 10SM SCT060 BKN150 14/02 A2971 RMK AO2 PK WND 24026/1429 SLP048 T01390017 53015
2026-04-26T13:56:00Z,2026-04-26,2026-04-26,METAR,2026-04-26T15:06:04Z,12.8,55.0,1.7,35.1,44,230,SW,17,19.6,24,27.6,10+,10.0,75,15000,SCT6000 BKN15000,1005.5,1004.1,,,,,,VFR,METAR KLAS 261356Z 23017G24KT 10SM SCT060 BKN150 13/02 A2969 RMK AO2 PK WND 24032/1324 SLP041 T01280017
2026-04-26T12:56:00Z,2026-04-26,2026-04-26,METAR,2026-04-26T15:06:04Z,12.2,54.0,1.7,35.1,48,220,SW,14,16.1,23,26.5,10+,10.0,44,,FEW6000 SCT20000,1005.2,1003.6,,,,,,VFR,METAR KLAS 261256Z 22014G23KT 10SM FEW060 SCT200 12/02 A2968 RMK AO2 SLP036 ACSL DSNT S T01220017
2026-04-26T11:56:00Z,2026-04-26,2026-04-26,METAR,2026-04-26T15:06:04Z,12.2,54.0,2.2,36.0,50,220,SW,16,18.4,28,32.2,10+,10.0,44,,FEW6000 FEW15000 SCT20000,1004.5,1003,,,,,,VFR,METAR KLAS 261156Z 22016G28KT 10SM FEW060 FEW150 SCT200 12/02 A2966 RMK AO2 PK WND 22032/1110 SLP030 T01220022 10150 20122 58006
2026-04-26T10:56:00Z,2026-04-26,2026-04-26,METAR,2026-04-26T15:06:04Z,12.8,55.0,2.2,36.0,47,210,SSW,16,18.4,24,27.6,10+,10.0,75,20000,SCT6000 SCT15000 BKN20000,1004.8,1003.3,,,,,,VFR,METAR KLAS 261056Z 21016G24KT 10SM SCT060 SCT150 BKN200 13/02 A2967 RMK AO2 PK WND 20027/1019 SLP033 T01280022
2026-04-26T09:56:00Z,2026-04-26,2026-04-26,METAR,2026-04-26T15:06:04Z,12.8,55.0,2.8,37.0,50,210,SSW,20,23.0,31,35.7,10+,10.0,75,20000,SCT6000 SCT15000 BKN20000,1004.8,1003.4,,,,,,VFR,METAR KLAS 260956Z 21020G31KT 10SM SCT060 SCT150 BKN200 13/03 A2967 RMK AO2 PK WND 20031/0954 SLP034 T01280028
2026-04-26T20:05:00Z,2026-04-26,2026-04-26,SPECI,2026-04-26T20:24:31Z,18.9,66.0,1.1,34.0,11,280,W,9,10.4,18,20.7,10+,10.0,100,10000,SCT6500 OVC10000,1008.2,,,,,,,VFR,SPECI KLAS 262005Z 28009G18KT 10SM SCT065 OVC100 19/01 A2977 RMK AO2 T01890011
2026-04-26T19:56:00Z,2026-04-26,2026-04-26,METAR,2026-04-26T20:24:31Z,18.3,64.9,0.6,33.1,12,300,WNW,8,9.2,20,23.0,10+,10.0,100,10000,SCT6500 OVC10000,1008.2,1006.9,,,,,,VFR,METAR KLAS 261956Z 30008G20KT 10SM SCT065 OVC100 18/01 A2977 RMK AO2 PK WND 21028/1901 SLP069 T01830006
2026-04-26T18:56:00Z,2026-04-26,2026-04-26,METAR,2026-04-26T20:24:31Z,17.8,64.0,1.1,34.0,16,210,SSW,13,15.0,21,24.2,10+,10.0,75,10000,SCT6000 BKN10000,1008.2,1006.8,,,,,,VFR,METAR KLAS 261856Z 21013G21KT 10SM SCT060 BKN100 18/01 A2977 RMK AO2 SLP068 T01780011
2026-04-26T17:56:00Z,2026-04-26,2026-04-26,METAR,2026-04-26T20:24:31Z,17.2,63.0,1.1,34.0,20,210,SSW,13,15.0,25,28.8,10+,10.0,75,8000,SCT5000 BKN8000,1007.9,1006.4,,,,,,VFR,METAR KLAS 261756Z 21013G25KT 10SM SCT050 BKN080 17/01 A2976 RMK AO2 SLP064 T01720011 10178 20122 53014
2026-04-26T16:56:00Z,2026-04-26,2026-04-26,METAR,2026-04-26T20:24:31Z,15,59.0,1.1,34.0,30,230,SW,9,10.4,19,21.9,10+,10.0,75,8000,SCT5000 BKN8000,1007.2,1006.1,,,,,,VFR,METAR KLAS 261656Z 23009G19KT 10SM SCT050 BKN080 15/01 A2974 RMK AO2 SLP061 T01500011
2026-04-26T15:56:00Z,2026-04-26,2026-04-26,METAR,2026-04-26T20:24:31Z,15,59.0,1.7,35.1,34,230,SW,17,19.6,22,25.3,10+,10.0,75,10000,FEW5000 BKN10000,1006.5,1005.1,,,,,,VFR,METAR KLAS 261556Z 23017G22KT 10SM FEW050 BKN100 15/02 A2972 RMK AO2 PK WND 20027/1534 SLP051 T01500017
2026-04-27T08:56:00Z,2026-04-27,2026-04-27,METAR,2026-04-27T09:29:12Z,13.9,57.0,0,32.0,30,190,S,11,12.7,21,24.2,10+,10.0,,,,1010.2,1008.8,,,,,,VFR,METAR KLAS 270856Z 19011G21KT 10SM CLR 14/00 A2983 RMK AO2 SLP088 T01390000 50004
2026-04-27T07:56:00Z,2026-04-27,2026-04-27,METAR,2026-04-27T09:29:12Z,15,59.0,1.1,34.0,30,220,SW,9,10.4,,,10+,10.0,,,,1010.6,1009.2,,,,,,VFR,METAR KLAS 270756Z 22009KT 10SM CLR 15/01 A2984 RMK AO2 SLP092 T01500011 402000122
2026-04-27T06:56:00Z,2026-04-27,2026-04-26,METAR,2026-04-27T09:29:12Z,15.6,60.1,1.1,34.0,28,200,SSW,10,11.5,,,10+,10.0,,,,1009.9,1008.7,,,,,,VFR,METAR KLAS 270656Z 20010KT 10SM CLR 16/01 A2982 RMK AO2 SLP087 T01560011
2026-04-27T05:56:00Z,2026-04-27,2026-04-26,METAR,2026-04-27T09:29:12Z,16.7,62.1,0.6,33.1,20,220,SW,10,11.5,,,10+,10.0,,,,1009.6,1008.3,,,,,,VFR,METAR KLAS 270556Z 22010KT 10SM CLR 17/01 A2981 RMK AO2 SLP083 T01670006 10200 20167 51012
2026-04-27T04:56:00Z,2026-04-27,2026-04-26,METAR,2026-04-27T09:29:12Z,17.2,63.0,-0.6,30.9,11,240,WSW,9,10.4,20,23.0,10+,10.0,,,,1009.6,1008.2,,,,,,VFR,METAR KLAS 270456Z 24009G20KT 10SM CLR 17/M01 A2981 RMK AO2 SLP082 T01721006
2026-04-27T03:56:00Z,2026-04-27,2026-04-26,METAR,2026-04-27T09:29:12Z,18.3,64.9,-1.7,28.9,1,230,SW,11,12.7,,,10+,10.0,19,,FEW11000,1008.9,1007.6,,,,,,VFR,METAR KLAS 270356Z 23011KT 10SM FEW110 18/M02 A2979 RMK AO2 SLP076 T01831017
2026-04-27T02:56:00Z,2026-04-27,2026-04-26,METAR,2026-04-27T09:29:12Z,18.9,66.0,-0.6,30.9,2,220,SW,9,10.4,,,10+,10.0,19,,FEW11000,1008.5,1007,,,,,,VFR,METAR KLAS 270256Z 22009KT 10SM FEW110 19/M01 A2978 RMK AO2 SLP070 T01891006 53004
2026-04-27T11:56:00Z,2026-04-27,2026-04-27,METAR,2026-04-27T12:11:19Z,11.7,53.1,0,32.0,42,180,S,12,13.8,22,25.3,10+,10.0,19,,FEW25000,1010.2,1009.1,,,,,,VFR,METAR KLAS 271156Z 18012G22KT 10SM FEW250 12/00 A2983 RMK AO2 SLP091 T01170000 10167 20117 50003
2026-04-27T10:56:00Z,2026-04-27,2026-04-27,METAR,2026-04-27T12:11:19Z,12.8,55.0,-0.6,30.9,33,210,SSW,13,15.0,22,25.3,10+,10.0,,,,1010.6,1009.3,,,,,,VFR,METAR KLAS 271056Z 21013G22KT 10SM CLR 13/M01 A2984 RMK AO2 SLP093 T01281006
2026-04-27T09:56:00Z,2026-04-27,2026-04-27,METAR,2026-04-27T12:11:19Z,12.8,55.0,0,32.0,36,210,SSW,16,18.4,24,27.6,10+,10.0,,,,1009.9,1008.9,,,,,,VFR,METAR KLAS 270956Z 21016G24KT 10SM CLR 13/00 A2982 RMK AO2 SLP089 T01280000
2026-04-27T16:56:00Z,2026-04-27,2026-04-27,METAR,2026-04-27T17:47:31Z,16.1,61.0,0,32.0,20,180,S,9,10.4,17,19.6,10+,10.0,19,,FEW10000 FEW25000,1012.6,1011.4,,,,,,VFR,METAR KLAS 271656Z 18009G17KT 10SM FEW100 FEW250 16/00 A2990 RMK AO2 SLP114 T01610000
2026-04-27T15:56:00Z,2026-04-27,2026-04-27,METAR,2026-04-27T17:47:31Z,15,59.0,0.6,33.1,28,200,SSW,12,13.8,19,21.9,10+,10.0,19,,FEW6500 FEW25000,1012.3,1011.1,,,,,,VFR,METAR KLAS 271556Z 20012G19KT 10SM FEW065 FEW250 15/01 A2989 RMK AO2 SLP111 T01500006
2026-04-27T14:56:00Z,2026-04-27,2026-04-27,METAR,2026-04-27T17:47:31Z,13.3,55.9,1.1,34.0,39,210,SSW,7,8.1,,,10+,10.0,19,,FEW6500 FEW25000,1012.3,1011,,,,,,VFR,METAR KLAS 271456Z 21007KT 10SM FEW065 FEW250 13/01 A2989 RMK AO2 SLP110 T01330011 53018
2026-04-27T13:56:00Z,2026-04-27,2026-04-27,METAR,2026-04-27T17:47:31Z,11.7,53.1,0.6,33.1,44,210,SSW,17,19.6,,,10+,10.0,19,,FEW6500 FEW25000,1011.3,1010.2,,,,,,VFR,METAR KLAS 271356Z 21017KT 10SM FEW065 FEW250 12/01 A2986 RMK AO2 SLP102 T01170006
2026-04-27T12:56:00Z,2026-04-27,2026-04-27,METAR,2026-04-27T17:47:31Z,11.7,53.1,0,32.0,42,200,SSW,12,13.8,20,23.0,10+,10.0,19,,FEW6500 FEW25000,1010.9,1009.8,,,,,,VFR,METAR KLAS 271256Z 20012G20KT 10SM FEW065 FEW250 12/00 A2985 RMK AO2 SLP098 T01170000
2026-04-27T20:56:00Z,2026-04-27,2026-04-27,METAR,2026-04-27T21:41:42Z,21.1,70.0,-4.4,24.1,1,190,S,13,15.0,25,28.8,10+,10.0,19,,FEW10000,1011.3,1009.8,,,,,,VFR,METAR KLAS 272056Z 19013G25KT 10SM FEW100 21/M04 A2986 RMK AO2 SLP098 T02111044 58014
2026-04-27T19:56:00Z,2026-04-27,2026-04-27,METAR,2026-04-27T21:41:42Z,19.4,66.9,-3.3,26.1,1,180,S,11,12.7,21,24.2,10+,10.0,19,,FEW10000,1011.6,1010.4,,,,,,VFR,METAR KLAS 271956Z 18011G21KT 10SM FEW100 19/M03 A2987 RMK AO2 PK WND 17027/1923 SLP104 T01941033
2026-04-27T18:56:00Z,2026-04-27,2026-04-27,METAR,2026-04-27T21:41:42Z,18.3,64.9,-1.7,28.9,1,170,S,8,9.2,19,21.9,10+,10.0,19,,FEW10000 FEW25000,1012.6,1011.1,,,,,,VFR,METAR KLAS 271856Z 17008G19KT 140V210 10SM FEW100 FEW250 18/M02 A2990 RMK AO2 SLP111 T01831017
2026-04-27T17:56:00Z,2026-04-27,2026-04-27,METAR,2026-04-27T21:41:42Z,17.8,64.0,-2.2,28.0,1,180,S,9,10.4,18,20.7,10+,10.0,19,,FEW10000 FEW25000,1012.6,1011.3,,,,,,VFR,METAR KLAS 271756Z 18009G18KT 10SM FEW100 FEW250 18/M02 A2990 RMK AO2 SLP113 T01781022 10178 20117 51004
2026-04-28T08:56:00Z,2026-04-28,2026-04-28,METAR,2026-04-28T09:35:44Z,14.4,57.9,-0.6,30.9,25,200,SSW,3,3.5,,,10+,10.0,,,,1015.7,1014.5,,,,,,VFR,METAR KLAS 280856Z 20003KT 10SM CLR 14/M01 A2999 RMK AO2 SLP145 T01441006 51011
2026-04-28T07:56:00Z,2026-04-28,2026-04-28,METAR,2026-04-28T09:35:44Z,15.6,60.1,0,32.0,22,220,SW,4,4.6,,,10+,10.0,,,,1015.7,1014.2,,,,,,VFR,METAR KLAS 280756Z 22004KT 10SM CLR 16/00 A2999 RMK AO2 SLP142 T01560000 402220117
2026-04-28T06:56:00Z,2026-04-28,2026-04-27,METAR,2026-04-28T09:35:44Z,17.2,63.0,0.6,33.1,17,340,NNW,12,13.8,,,10+,10.0,19,,FEW18000,1015,1013.7,,,,,,VFR,METAR KLAS 280656Z 34012KT 10SM FEW180 17/01 A2997 RMK AO2 SLP137 T01720006
2026-04-28T05:56:00Z,2026-04-28,2026-04-27,METAR,2026-04-28T09:35:44Z,17.8,64.0,0,32.0,11,340,NNW,8,9.2,,,10+,10.0,44,,FEW15000 SCT18000,1014.6,1013.2,,,,,,VFR,METAR KLAS 280556Z 34008KT 10SM FEW150 SCT180 18/00 A2996 RMK AO2 SLP132 T01780000 10222 20178 51021
2026-04-28T04:56:00Z,2026-04-28,2026-04-27,METAR,2026-04-28T09:35:44Z,17.8,64.0,0,32.0,11,330,NNW,10,11.5,,,10+,10.0,44,,FEW10000 FEW15000 SCT18000,1014,1012.8,,,,,,VFR,METAR KLAS 280456Z 33010KT 10SM FEW100 FEW150 SCT180 18/00 A2994 RMK AO2 SLP128 T01780000
2026-04-28T03:56:00Z,2026-04-28,2026-04-27,METAR,2026-04-28T09:35:44Z,18.3,64.9,0,32.0,8,330,NNW,11,12.7,18,20.7,10+,10.0,44,,FEW10000 FEW15000 SCT18000,1013.3,1012.1,,,,,,VFR,METAR KLAS 280356Z 33011G18KT 10SM FEW100 FEW150 SCT180 18/00 A2992 RMK AO2 WSHFT 0254 SLP121 T01830000
2026-04-28T03:14:00Z,2026-04-28,2026-04-27,SPECI,2026-04-28T09:35:44Z,18.9,66.0,0,32.0,6,340,NNW,10,11.5,,,10+,10.0,44,,FEW10000 FEW15000 SCT18000,1012.6,,,,,,,VFR,SPECI KLAS 280314Z 34010KT 10SM FEW100 FEW150 SCT180 19/00 A2990 RMK AO2 WSHFT 0254 T01890000
2026-04-28T02:56:00Z,2026-04-28,2026-04-27,METAR,2026-04-28T09:35:44Z,19.4,66.9,-2.2,28.0,1,340,NNW,13,15.0,,,10+,10.0,44,,FEW10000 FEW15000 SCT18000,1012.3,1011,,,,,,VFR,METAR KLAS 280256Z 34013KT 10SM FEW100 FEW150 SCT180 19/M02 A2989 RMK AO2 SLP110 T01941022 53020
